,feature,importance
1002,score,0.4134239699536514
1000,tfidf_cv,0.21421707632626533
1006,month,0.06786259033893545
1001,num_comments,0.0530596778240434
49,libertarian,0.05175619652825105
0,,0.03575743274611641
1005,year,0.02788269853708733
1,trump,0.020258413664582697
257,military,0.005283175718382375
1008,is_trump,0.005146244965099734
2,biden,0.004791976820038451
1011,is_war,0.003824720272520399
348,nato,0.002865875126288504
1003,author_index,0.0028015928257077525
116,immunity,0.002717856719317932
808,fall,0.0026926385920516788
756,crowd,0.002397743310065292
223,behind,0.002326937467351914
526,ai,0.0022964691851204825
486,libertarians,0.002232733179571828
58,war,0.002073242700572997
39,supreme,0.002056497798323487
142,assassination,0.0020428622235991217
351,conviction,0.0020221914992750336
3,president,0.0018231815654129145
265,thing,0.0017743906119705442
4,donald,0.0017736836902165056
55,going,0.0017468620059583806
40,israel,0.0017436232736826448
160,run,0.0016498689248344955
347,voted,0.001606068331297669
550,co,0.0015662378271764361
46,win,0.0015326202954077455
127,presidency,0.001450122463417622
255,gaza,0.0013344010473925589
134,best,0.0013028033536789366
528,stage,0.0012657652884974016
955,violent,0.001241113060057342
5,joe,0.0012268087039715072
1012,is_israel,0.0010944138724603603
94,anyone,0.0010867056861609532
510,george,0.0010638638458185777
24,voters,0.0010423561328745151
64,years,0.0010117171051294343
150,power,0.0009922840307305674
43,right,0.0009766702164278752
10,people,0.000966857869665476
139,help,0.0009123848309202443
278,fox,0.0009097168171785528
213,makes,0.0009050093502104268
42,presidential,0.0008920429652710042
86,see,0.0008865617264023967
9,says,0.0008687129735781596
41,judge,0.0008174384500213471
11,democrats,0.0008081430585688352
443,jury,0.0007902762483153381
596,looks,0.0007790585855661122
191,gun,0.0007507318115265361
788,pandemic,0.0006932015142713339
22,republicans,0.0006857539639624735
713,attempted,0.0006842437936331664
7,new,0.0006790306618570348
216,jr,0.0006652871265746227
57,politics,0.0006438717858384397
151,another,0.0006422554005382638
19,campaign,0.0006225218328888376
61,america,0.0006155690723510652
92,speech,0.000604561102455206
21,hunter,0.0005654370553153496
33,harris,0.0005607465055166594
288,hush,0.0005356867724444879
68,border,0.0005305727521636062
25,gop,0.000520428209846165
1004,sentiment_vector,0.0005151489040085839
17,house,0.0005032477286765692
360,service,0.0004899792809462955
227,let,0.0004885405121532379
203,things,0.0004614494248114562
27,m,0.00045931391098230965
56,want,0.0004300138998071281
75,money,0.00040734881275867837
433,please,0.0003957415808543729
53,first,0.00038727992231307913
126,may,0.00038257176882227733
281,drop,0.0003815093910199179
54,know,0.0003808445018333595
14,like,0.00037056717850630146
259,times,0.000367881084765119
293,lead,0.0003661668115092309
304,system,0.0003602346053523339
642,bond,0.00035290205940659996
414,press,0.00034870095048628405
350,reason,0.0003351797889953649
658,ago,0.00032528991567542696
268,thoughts,0.00031822654360887527
67,ballot,0.00029731098015897006
8,us,0.00028516341738915244
294,aid,0.0002815230837779295
12,vote,0.0002723957384212461
35,news,0.0002698778666938104
65,candidate,0.0002627077799260156
31,support,0.0002467180892539683
664,strong,0.00023796104522545442
16,think,0.0002353885561108755
665,marijuana,0.00023399010559476153
623,laws,0.00022805595966086486
880,seeks,0.00022771837950016737
89,go,0.00022515012709978547
416,attacks,0.00022220743884838752
77,american,0.00020582462992131778
730,visit,0.00020579252751170646
128,york,0.0002055019751181523
26,party,0.0002015808231188168
630,read,0.0002012818112643107
296,prison,0.00020028782701115447
13,court,0.00019746692876945315
34,republican,0.00019575642820999654
169,obama,0.00019499175466230128
123,year,0.00019423017070469757
246,secret,0.00019390313074464646
181,guilty,0.0001931346903321841
18,case,0.00019199188151365032
225,step,0.00018780056938397482
73,race,0.0001857853806740586
48,say,0.00018519003009638888
450,seem,0.00018267929623245089
721,woman,0.0001819923043514812
199,russia,0.0001801352400213652
100,million,0.00017827817569124693
136,desantis,0.00017332600414426773
30,get,0.00017292983042050886
184,charges,0.00016985948406138254
170,democrat,0.000166392963978497
37,trial,0.000166392963978497
6,election,0.000155993403729841
155,anti,0.0001498760153482787
235,inflation,0.00014179574321645835
91,u,0.00013866080331541427
70,cnn,0.00013322312475402538
51,states,0.0001317277631496435
916,arrest,0.00012479472298387276
326,immigration,0.0001109286426523314
44,administration,0.0001109286426523314
32,debate,0.00010277927965046068
579,admits,0.0
578,lawyers,0.0
718,fani,0.0
719,courts,0.0
720,non,0.0
717,maybe,0.0
716,positive,0.0
618,department,0.0
724,answer,0.0
722,argument,0.0
723,taxes,0.0
715,hampshire,0.0
725,effort,0.0
726,fear,0.0
577,mark,0.0
727,finally,0.0
728,gas,0.0
576,leads,0.0
729,considering,0.0
575,fire,0.0
580,start,0.0
711,based,0.0
714,ballots,0.0
581,address,0.0
698,lago,0.0
699,number,0.0
700,msnbc,0.0
701,county,0.0
702,hit,0.0
587,executive,0.0
703,probably,0.0
704,night,0.0
705,yes,0.0
706,decide,0.0
586,looking,0.0
707,role,0.0
585,docs,0.0
708,hitler,0.0
584,johnson,0.0
709,stand,0.0
583,turn,0.0
710,mind,0.0
582,hell,0.0
732,kind,0.0
712,independent,0.0
731,went,0.0
736,longer,0.0
733,sen,0.0
734,biggest,0.0
571,wall,0.0
757,strategy,0.0
758,blame,0.0
759,reveals,0.0
760,slams,0.0
761,forced,0.0
762,little,0.0
763,father,0.0
764,dad,0.0
765,justices,0.0
766,jill,0.0
767,percent,0.0
768,electoral,0.0
570,cover,0.0
569,tried,0.0
769,efforts,0.0
568,discussion,0.0
770,cost,0.0
771,racist,0.0
772,gives,0.0
773,lawsuit,0.0
755,protect,0.0
754,posts,0.0
753,carolina,0.0
741,recently,0.0
735,alleged,0.0
696,bring,0.0
737,scenario,0.0
738,opinions,0.0
574,lies,0.0
573,pretty,0.0
739,concerns,0.0
572,n,0.0
740,navalny,0.0
742,supporting,0.0
752,super,0.0
743,experts,0.0
744,hand,0.0
745,projects,0.0
746,weapons,0.0
747,mass,0.0
748,pardon,0.0
749,inside,0.0
750,remember,0.0
751,dnc,0.0
697,stay,0.0
694,netanyahu,0.0
695,literally,0.0
644,wanted,0.0
637,supporter,0.0
638,consequences,0.0
639,arizona,0.0
640,middle,0.0
607,cut,0.0
641,private,0.0
606,data,0.0
643,michael,0.0
605,wasn,0.0
775,single,0.0
645,overturn,0.0
655,kill,0.0
646,allowed,0.0
647,etc,0.0
648,remove,0.0
649,false,0.0
650,check,0.0
651,small,0.0
652,wing,0.0
604,capitol,0.0
653,rather,0.0
654,allow,0.0
608,committee,0.0
636,john,0.0
635,blue,0.0
634,leave,0.0
619,fine,0.0
616,list,0.0
620,charged,0.0
615,kennedy,0.0
614,agenda,0.0
621,popular,0.0
622,sources,0.0
613,low,0.0
612,talking,0.0
624,records,0.0
625,home,0.0
626,indictments,0.0
627,host,0.0
628,explain,0.0
629,guns,0.0
611,willis,0.0
610,asks,0.0
609,majority,0.0
631,suggests,0.0
632,choice,0.0
633,mental,0.0
603,true,0.0
656,amid,0.0
617,failed,0.0
590,nearly,0.0
594,california,0.0
679,secretary,0.0
680,letter,0.0
593,org,0.0
681,college,0.0
592,force,0.0
591,red,0.0
682,half,0.0
683,senator,0.0
684,plea,0.0
685,seriously,0.0
657,request,0.0
589,prices,0.0
686,deep,0.0
687,negative,0.0
688,governor,0.0
689,guys,0.0
690,lying,0.0
588,almost,0.0
691,massive,0.0
692,decline,0.0
693,appeals,0.0
678,jd,0.0
677,mar,0.0
676,comer,0.0
595,comes,0.0
602,presidents,0.0
659,however,0.0
660,death,0.0
601,k,0.0
661,south,0.0
662,current,0.0
663,simple,0.0
600,head,0.0
599,always,0.0
666,line,0.0
667,migrants,0.0
598,happened,0.0
668,outside,0.0
669,claiming,0.0
670,primaries,0.0
597,dem,0.0
671,trillion,0.0
672,god,0.0
673,choose,0.0
674,global,0.0
675,hope,0.0
774,immigrants,0.0
827,several,0.0
776,pelosi,0.0
777,killed,0.0
922,result,0.0
923,witness,0.0
924,cohen,0.0
925,donors,0.0
926,towards,0.0
927,bush,0.0
928,statements,0.0
929,numbers,0.0
930,threatening,0.0
931,truly,0.0
932,coverup,0.0
933,christian,0.0
934,delay,0.0
935,staff,0.0
936,thanks,0.0
937,coincidence,0.0
938,allowing,0.0
939,company,0.0
940,signs,0.0
941,afghanistan,0.0
942,rallies,0.0
943,situation,0.0
944,happening,0.0
945,scott,0.0
946,exactly,0.0
921,countries,0.0
920,hurt,0.0
919,sign,0.0
904,maine,0.0
893,asking,0.0
894,nd,0.0
895,rejects,0.0
896,faces,0.0
897,paid,0.0
898,reality,0.0
899,promised,0.0
900,june,0.0
901,pressure,0.0
902,tuesday,0.0
903,wisconsin,0.0
905,accuses,0.0
918,laptop,0.0
906,committed,0.0
907,valuable,0.0
908,changed,0.0
909,base,0.0
910,events,0.0
911,destroy,0.0
912,carroll,0.0
913,coverage,0.0
914,wsj,0.0
915,via,0.0
917,releases,0.0
947,accused,0.0
948,challenge,0.0
949,lancet,0.0
991,level,0.0
980,genocide,0.0
981,allegedly,0.0
982,simply,0.0
983,waiting,0.0
984,return,0.0
985,credit,0.0
986,stock,0.0
987,path,0.0
988,serve,0.0
989,y,0.0
990,curious,0.0
992,promises,0.0
978,seek,0.0
993,cause,0.0
994,details,0.0
995,stupid,0.0
996,held,0.0
997,means,0.0
998,loss,0.0
999,together,0.0
1007,is_biden,0.0
1009,is_hunter,0.0
1010,is_border,0.0
1013,is_harris,0.0
979,listen,0.0
977,taken,0.0
950,youtube,0.0
963,elon,0.0
951,came,0.0
952,fed,0.0
953,within,0.0
954,comment,0.0
956,newsmax,0.0
957,felon,0.0
958,twitter,0.0
959,growing,0.0
960,paul,0.0
961,favor,0.0
962,release,0.0
964,dc,0.0
976,chair,0.0
965,da,0.0
966,hits,0.0
967,booed,0.0
968,newsom,0.0
969,considered,0.0
970,upcoming,0.0
971,interest,0.0
972,follow,0.0
973,politically,0.0
974,w,0.0
975,fair,0.0
892,cuts,0.0
891,workers,0.0
890,ag,0.0
819,consider,0.0
807,inquiry,0.0
809,fascist,0.0
810,lie,0.0
811,expect,0.0
812,reasons,0.0
813,wouldn,0.0
814,sent,0.0
815,send,0.0
816,odds,0.0
817,hard,0.0
818,received,0.0
820,articles,0.0
805,testify,0.0
821,moment,0.0
822,share,0.0
823,talks,0.0
824,disaster,0.0
825,tiktok,0.0
826,arrested,0.0
566,sharp,0.0
828,block,0.0
829,late,0.0
830,energy,0.0
831,meeting,0.0
806,extreme,0.0
804,taylor,0.0
833,information,0.0
790,words,0.0
778,worst,0.0
779,opposition,0.0
780,drug,0.0
781,speaking,0.0
782,jordan,0.0
783,fundraising,0.0
784,jean,0.0
785,anymore,0.0
786,month,0.0
787,forward,0.0
789,leaders,0.0
791,thinks,0.0
803,message,0.0
792,mate,0.0
793,analysis,0.0
794,flag,0.0
795,risk,0.0
796,heard,0.0
797,pass,0.0
798,politico,0.0
799,threats,0.0
800,actual,0.0
801,course,0.0
802,obviously,0.0
832,banned,0.0
834,position,0.0
889,oil,0.0
875,immediately,0.0
864,early,0.0
865,hours,0.0
866,counts,0.0
867,class,0.0
868,o,0.0
869,funds,0.0
870,children,0.0
871,involved,0.0
872,stance,0.0
873,conspiracy,0.0
874,related,0.0
876,appears,0.0
862,keeps,0.0
877,demands,0.0
878,endorsement,0.0
879,terrible,0.0
881,mccarthy,0.0
882,worried,0.0
883,spending,0.0
884,across,0.0
885,orders,0.0
886,removed,0.0
887,known,0.0
888,die,0.0
863,timing,0.0
861,holding,0.0
835,rating,0.0
847,chief,0.0
836,worth,0.0
837,sex,0.0
838,jim,0.0
839,blasts,0.0
840,dropped,0.0
841,bribery,0.0
842,dead,0.0
843,source,0.0
844,constitutional,0.0
845,released,0.0
846,musk,0.0
848,tries,0.0
860,regarding,0.0
849,progressive,0.0
850,testimony,0.0
851,corruption,0.0
852,charge,0.0
853,funding,0.0
854,vows,0.0
855,pence,0.0
856,sides,0.0
857,reports,0.0
858,groups,0.0
859,robert,0.0
567,parties,0.0
507,ask,0.0
565,rd,0.0
564,ignore,0.0
228,come,0.0
229,found,0.0
230,colorado,0.0
231,history,0.0
232,trumps,0.0
233,attack,0.0
234,article,0.0
236,big,0.0
237,deal,0.0
238,illegal,0.0
239,yet,0.0
240,senate,0.0
241,bill,0.0
242,vance,0.0
243,lot,0.0
244,bidenomics,0.0
245,impeachment,0.0
247,ever,0.0
248,united,0.0
249,policies,0.0
250,convicted,0.0
251,justice,0.0
252,today,0.0
253,threat,0.0
254,interview,0.0
226,rfk,0.0
224,admin,0.0
222,x,0.0
206,saying,0.0
193,old,0.0
194,look,0.0
195,man,0.0
196,bad,0.0
197,public,0.0
198,getting,0.0
200,nominee,0.0
201,keep,0.0
202,gets,0.0
204,happen,0.0
205,black,0.0
207,vs,0.0
221,might,0.0
208,special,0.0
209,far,0.0
210,done,0.0
211,votes,0.0
212,crimes,0.0
214,give,0.0
215,show,0.0
217,economy,0.0
218,social,0.0
219,real,0.0
220,call,0.0
256,ruling,0.0
258,didn,0.0
260,doj,0.0
310,something,0.0
298,jan,0.0
299,else,0.0
300,plans,0.0
301,allies,0.0
302,life,0.0
303,ex,0.0
305,rep,0.0
306,anything,0.0
307,recent,0.0
308,major,0.0
309,e,0.0
311,making,0.0
295,shows,0.0
312,counsel,0.0
313,act,0.0
314,civil,0.0
315,health,0.0
316,rules,0.0
317,team,0.0
318,put,0.0
319,union,0.0
320,lost,0.0
321,used,0.0
322,putin,0.0
297,winning,0.0
292,enough,0.0
261,age,0.0
275,business,0.0
262,watch,0.0
263,well,0.0
264,scotus,0.0
266,tells,0.0
267,top,0.0
269,seems,0.0
270,part,0.0
271,got,0.0
272,official,0.0
273,possible,0.0
274,liberal,0.0
276,pay,0.0
291,security,0.0
277,care,0.0
279,already,0.0
280,without,0.0
282,away,0.0
283,nomination,0.0
284,abortion,0.0
285,november,0.0
286,dems,0.0
287,around,0.0
289,student,0.0
290,covid,0.0
192,every,0.0
190,change,0.0
189,video,0.0
102,law,0.0
85,day,0.0
87,democracy,0.0
88,legal,0.0
90,primary,0.0
93,americans,0.0
95,voting,0.0
96,left,0.0
97,kamala,0.0
98,much,0.0
99,national,0.0
101,report,0.0
103,good,0.0
83,back,0.0
104,way,0.0
105,calls,0.0
106,convention,0.0
107,rally,0.0
108,second,0.0
109,actually,0.0
110,never,0.0
111,family,0.0
112,ukraine,0.0
113,plan,0.0
114,since,0.0
84,take,0.0
82,d,0.0
117,made,0.0
59,said,0.0
15,https,0.0
20,com,0.0
23,one,0.0
28,even,0.0
29,state,0.0
36,www,0.0
38,time,0.0
45,poll,0.0
47,re,0.0
50,former,0.0
52,white,0.0
60,media,0.0
81,also,0.0
62,still,0.0
63,country,0.0
66,many,0.0
69,political,0.0
71,make,0.0
72,office,0.0
74,wins,0.0
76,democratic,0.0
78,federal,0.0
79,term,0.0
80,won,0.0
115,really,0.0
118,polls,0.0
188,trying,0.0
173,b,0.0
159,fbi,0.0
161,indictment,0.0
162,live,0.0
163,someone,0.0
164,post,0.0
165,amendment,0.0
166,opinion,0.0
167,point,0.0
168,ll,0.0
171,billion,0.0
172,fact,0.0
174,classified,0.0
157,question,0.0
175,tax,0.0
176,stop,0.0
177,project,0.0
178,candidates,0.0
179,elected,0.0
180,believe,0.0
182,end,0.0
183,policy,0.0
185,wants,0.0
186,decision,0.0
187,general,0.0
158,use,0.0
156,government,0.0
119,running,0.0
137,vp,0.0
120,supporters,0.0
121,claims,0.0
122,need,0.0
124,fraud,0.0
125,georgia,0.0
129,pro,0.0
130,order,0.0
131,likely,0.0
132,th,0.0
133,documents,0.0
135,conservative,0.0
138,next,0.0
154,last,0.0
140,haley,0.0
141,attempt,0.0
143,doesn,0.0
144,congress,0.0
145,isn,0.0
146,maga,0.0
147,two,0.0
148,criminal,0.0
149,ve,0.0
152,better,0.0
153,world,0.0
323,swing,0.0
324,verdict,0.0
325,smith,0.0
490,millions,0.0
478,probe,0.0
479,bidens,0.0
480,called,0.0
481,warns,0.0
482,sure,0.0
483,less,0.0
484,liberals,0.0
485,leader,0.0
487,jobs,0.0
488,set,0.0
489,key,0.0
491,aside,0.0
476,four,0.0
492,record,0.0
493,guy,0.0
494,jack,0.0
495,happens,0.0
496,prosecutor,0.0
497,hear,0.0
498,actions,0.0
499,following,0.0
500,finds,0.0
501,three,0.0
502,using,0.0
477,results,0.0
475,young,0.0
504,clear,0.0
461,hamas,0.0
449,job,0.0
451,talk,0.0
452,women,0.0
453,appeal,0.0
454,c,0.0
455,taking,0.0
456,issues,0.0
457,january,0.0
458,dictator,0.0
459,become,0.0
460,view,0.0
462,try,0.0
474,nation,0.0
463,washington,0.0
464,comments,0.0
465,save,0.0
466,ron,0.0
467,cases,0.0
468,voter,0.0
469,either,0.0
470,points,0.0
471,days,0.0
472,crime,0.0
473,performance,0.0
503,usa,0.0
505,iowa,0.0
447,name,0.0
551,event,0.0
539,prosecution,0.0
540,updates,0.0
541,pennsylvania,0.0
542,continue,0.0
543,lawyer,0.0
544,prosecutors,0.0
545,shooter,0.0
546,son,0.0
547,place,0.0
548,loan,0.0
549,milei,0.0
552,announces,0.0
537,serious,0.0
553,impact,0.0
554,lives,0.0
555,james,0.0
556,especially,0.0
557,target,0.0
558,took,0.0
559,working,0.0
560,due,0.0
561,debates,0.0
562,hillary,0.0
563,idea,0.0
538,action,0.0
536,members,0.0
506,investigation,0.0
520,mike,0.0
508,crisis,0.0
509,losing,0.0
511,able,0.0
512,ny,0.0
513,open,0.0
514,story,0.0
515,violence,0.0
516,side,0.0
517,statement,0.0
518,iran,0.0
519,bid,0.0
521,push,0.0
535,leading,0.0
522,tell,0.0
523,ticket,0.0
524,interference,0.0
525,thought,0.0
527,others,0.0
529,j,0.0
530,different,0.0
531,gag,0.0
532,russian,0.0
533,rhetoric,0.0
534,close,0.0
448,full,0.0
446,past,0.0
327,constitution,0.0
372,worse,0.0
361,nikki,0.0
362,love,0.0
363,high,0.0
364,lose,0.0
365,great,0.0
366,calling,0.0
367,coming,0.0
368,free,0.0
369,drops,0.0
370,elections,0.0
371,attorney,0.0
373,control,0.0
358,breaking,0.0
374,must,0.0
375,questions,0.0
376,reddit,0.0
377,speaker,0.0
378,r,0.0
379,indicted,0.0
380,jail,0.0
381,seen,0.0
382,given,0.0
383,understand,0.0
384,claim,0.0
359,clinton,0.0
357,despite,0.0
386,least,0.0
339,loses,0.0
328,long,0.0
329,polling,0.0
330,third,0.0
331,everyone,0.0
332,matter,0.0
333,china,0.0
334,foreign,0.0
335,potential,0.0
336,conservatives,0.0
337,michigan,0.0
338,evidence,0.0
340,ban,0.0
356,work,0.0
341,find,0.0
342,gov,0.0
343,f,0.0
344,reelection,0.0
345,shot,0.0
346,latest,0.0
349,needs,0.0
352,hate,0.0
353,victory,0.0
354,v,0.0
355,person,0.0
385,florida,0.0
387,fight,0.0
445,problem,0.0
430,hearing,0.0
419,hold,0.0
420,asked,0.0
421,approval,0.0
422,face,0.0
423,fake,0.0
424,agree,0.0
425,chance,0.0
426,according,0.0
427,chances,0.0
428,html,0.0
429,group,0.0
431,months,0.0
417,replace,0.0
432,goes,0.0
434,future,0.0
435,told,0.0
436,defense,0.0
437,instead,0.0
438,beat,0.0
439,endorses,0.0
440,takes,0.0
441,epstein,0.0
442,exclusive,0.0
444,shooting,0.0
418,economic,0.0
415,debt,0.0
388,officials,0.0
400,though,0.0
389,mean,0.0
390,rnc,0.0
391,texas,0.0
392,move,0.0
393,week,0.0
394,including,0.0
395,feel,0.0
396,response,0.0
397,nothing,0.0
398,among,0.0
399,insurrection,0.0
401,issue,0.0
413,ahead,0.0
402,aren,0.0
403,ad,0.0
404,pick,0.0
405,everything,0.0
406,whether,0.0
407,climate,0.0
408,rule,0.0
409,truth,0.0
410,rights,0.0
411,wrong,0.0
412,vice,0.0
1014,is_indictment,0.0
