feature,importance,source
,0.03575743274611641,tfidf_cv
trump,0.020258413664582697,tfidf_cv
biden,0.004791976820038451,tfidf_cv
president,0.0018231815654129145,tfidf_cv
donald,0.0017736836902165056,tfidf_cv
joe,0.0012268087039715072,tfidf_cv
election,0.000155993403729841,tfidf_cv
new,0.0006790306618570348,tfidf_cv
us,0.00028516341738915244,tfidf_cv
says,0.0008687129735781596,tfidf_cv
people,0.000966857869665476,tfidf_cv
democrats,0.0008081430585688352,tfidf_cv
vote,0.0002723957384212461,tfidf_cv
court,0.00019746692876945315,tfidf_cv
like,0.00037056717850630146,tfidf_cv
https,0.0,tfidf_cv
think,0.0002353885561108755,tfidf_cv
house,0.0005032477286765692,tfidf_cv
case,0.00019199188151365032,tfidf_cv
campaign,0.0006225218328888376,tfidf_cv
com,0.0,tfidf_cv
hunter,0.0005654370553153496,tfidf_cv
republicans,0.0006857539639624735,tfidf_cv
one,0.0,tfidf_cv
voters,0.0010423561328745151,tfidf_cv
gop,0.000520428209846165,tfidf_cv
party,0.0002015808231188168,tfidf_cv
m,0.00045931391098230965,tfidf_cv
even,0.0,tfidf_cv
state,0.0,tfidf_cv
get,0.00017292983042050886,tfidf_cv
support,0.0002467180892539683,tfidf_cv
debate,0.00010277927965046068,tfidf_cv
harris,0.0005607465055166594,tfidf_cv
republican,0.00019575642820999654,tfidf_cv
news,0.0002698778666938104,tfidf_cv
www,0.0,tfidf_cv
trial,0.000166392963978497,tfidf_cv
time,0.0,tfidf_cv
supreme,0.002056497798323487,tfidf_cv
israel,0.0017436232736826448,tfidf_cv
judge,0.0008174384500213471,tfidf_cv
presidential,0.0008920429652710042,tfidf_cv
right,0.0009766702164278752,tfidf_cv
administration,0.0001109286426523314,tfidf_cv
poll,0.0,tfidf_cv
win,0.0015326202954077455,tfidf_cv
re,0.0,tfidf_cv
say,0.00018519003009638888,tfidf_cv
libertarian,0.05175619652825105,tfidf_cv
former,0.0,tfidf_cv
states,0.0001317277631496435,tfidf_cv
white,0.0,tfidf_cv
first,0.00038727992231307913,tfidf_cv
know,0.0003808445018333595,tfidf_cv
going,0.0017468620059583806,tfidf_cv
want,0.0004300138998071281,tfidf_cv
politics,0.0006438717858384397,tfidf_cv
war,0.002073242700572997,tfidf_cv
said,0.0,tfidf_cv
media,0.0,tfidf_cv
america,0.0006155690723510652,tfidf_cv
still,0.0,tfidf_cv
country,0.0,tfidf_cv
years,0.0010117171051294343,tfidf_cv
candidate,0.0002627077799260156,tfidf_cv
many,0.0,tfidf_cv
ballot,0.00029731098015897006,tfidf_cv
border,0.0005305727521636062,tfidf_cv
political,0.0,tfidf_cv
cnn,0.00013322312475402538,tfidf_cv
make,0.0,tfidf_cv
office,0.0,tfidf_cv
race,0.0001857853806740586,tfidf_cv
wins,0.0,tfidf_cv
money,0.00040734881275867837,tfidf_cv
democratic,0.0,tfidf_cv
american,0.00020582462992131778,tfidf_cv
federal,0.0,tfidf_cv
term,0.0,tfidf_cv
won,0.0,tfidf_cv
also,0.0,tfidf_cv
d,0.0,tfidf_cv
back,0.0,tfidf_cv
take,0.0,tfidf_cv
day,0.0,tfidf_cv
see,0.0008865617264023967,tfidf_cv
democracy,0.0,tfidf_cv
legal,0.0,tfidf_cv
go,0.00022515012709978547,tfidf_cv
primary,0.0,tfidf_cv
u,0.00013866080331541427,tfidf_cv
speech,0.000604561102455206,tfidf_cv
americans,0.0,tfidf_cv
anyone,0.0010867056861609532,tfidf_cv
voting,0.0,tfidf_cv
left,0.0,tfidf_cv
kamala,0.0,tfidf_cv
much,0.0,tfidf_cv
national,0.0,tfidf_cv
million,0.00017827817569124693,tfidf_cv
report,0.0,tfidf_cv
law,0.0,tfidf_cv
good,0.0,tfidf_cv
way,0.0,tfidf_cv
calls,0.0,tfidf_cv
convention,0.0,tfidf_cv
rally,0.0,tfidf_cv
second,0.0,tfidf_cv
actually,0.0,tfidf_cv
never,0.0,tfidf_cv
family,0.0,tfidf_cv
ukraine,0.0,tfidf_cv
plan,0.0,tfidf_cv
since,0.0,tfidf_cv
really,0.0,tfidf_cv
immunity,0.002717856719317932,tfidf_cv
made,0.0,tfidf_cv
polls,0.0,tfidf_cv
running,0.0,tfidf_cv
supporters,0.0,tfidf_cv
claims,0.0,tfidf_cv
need,0.0,tfidf_cv
year,0.00019423017070469757,tfidf_cv
fraud,0.0,tfidf_cv
georgia,0.0,tfidf_cv
may,0.00038257176882227733,tfidf_cv
presidency,0.001450122463417622,tfidf_cv
york,0.0002055019751181523,tfidf_cv
pro,0.0,tfidf_cv
order,0.0,tfidf_cv
likely,0.0,tfidf_cv
th,0.0,tfidf_cv
documents,0.0,tfidf_cv
best,0.0013028033536789366,tfidf_cv
conservative,0.0,tfidf_cv
desantis,0.00017332600414426773,tfidf_cv
vp,0.0,tfidf_cv
next,0.0,tfidf_cv
help,0.0009123848309202443,tfidf_cv
haley,0.0,tfidf_cv
attempt,0.0,tfidf_cv
assassination,0.0020428622235991217,tfidf_cv
doesn,0.0,tfidf_cv
congress,0.0,tfidf_cv
isn,0.0,tfidf_cv
maga,0.0,tfidf_cv
two,0.0,tfidf_cv
criminal,0.0,tfidf_cv
ve,0.0,tfidf_cv
power,0.0009922840307305674,tfidf_cv
another,0.0006422554005382638,tfidf_cv
better,0.0,tfidf_cv
world,0.0,tfidf_cv
last,0.0,tfidf_cv
anti,0.0001498760153482787,tfidf_cv
government,0.0,tfidf_cv
question,0.0,tfidf_cv
use,0.0,tfidf_cv
fbi,0.0,tfidf_cv
run,0.0016498689248344955,tfidf_cv
indictment,0.0,tfidf_cv
live,0.0,tfidf_cv
someone,0.0,tfidf_cv
post,0.0,tfidf_cv
amendment,0.0,tfidf_cv
opinion,0.0,tfidf_cv
point,0.0,tfidf_cv
ll,0.0,tfidf_cv
obama,0.00019499175466230128,tfidf_cv
democrat,0.000166392963978497,tfidf_cv
billion,0.0,tfidf_cv
fact,0.0,tfidf_cv
b,0.0,tfidf_cv
classified,0.0,tfidf_cv
tax,0.0,tfidf_cv
stop,0.0,tfidf_cv
project,0.0,tfidf_cv
candidates,0.0,tfidf_cv
elected,0.0,tfidf_cv
believe,0.0,tfidf_cv
guilty,0.0001931346903321841,tfidf_cv
end,0.0,tfidf_cv
policy,0.0,tfidf_cv
charges,0.00016985948406138254,tfidf_cv
wants,0.0,tfidf_cv
decision,0.0,tfidf_cv
general,0.0,tfidf_cv
trying,0.0,tfidf_cv
video,0.0,tfidf_cv
change,0.0,tfidf_cv
gun,0.0007507318115265361,tfidf_cv
every,0.0,tfidf_cv
old,0.0,tfidf_cv
look,0.0,tfidf_cv
man,0.0,tfidf_cv
bad,0.0,tfidf_cv
public,0.0,tfidf_cv
getting,0.0,tfidf_cv
russia,0.0001801352400213652,tfidf_cv
nominee,0.0,tfidf_cv
keep,0.0,tfidf_cv
gets,0.0,tfidf_cv
things,0.0004614494248114562,tfidf_cv
happen,0.0,tfidf_cv
black,0.0,tfidf_cv
saying,0.0,tfidf_cv
vs,0.0,tfidf_cv
special,0.0,tfidf_cv
far,0.0,tfidf_cv
done,0.0,tfidf_cv
votes,0.0,tfidf_cv
crimes,0.0,tfidf_cv
makes,0.0009050093502104268,tfidf_cv
give,0.0,tfidf_cv
show,0.0,tfidf_cv
jr,0.0006652871265746227,tfidf_cv
economy,0.0,tfidf_cv
social,0.0,tfidf_cv
real,0.0,tfidf_cv
call,0.0,tfidf_cv
might,0.0,tfidf_cv
x,0.0,tfidf_cv
behind,0.002326937467351914,tfidf_cv
admin,0.0,tfidf_cv
step,0.00018780056938397482,tfidf_cv
rfk,0.0,tfidf_cv
let,0.0004885405121532379,tfidf_cv
come,0.0,tfidf_cv
found,0.0,tfidf_cv
colorado,0.0,tfidf_cv
history,0.0,tfidf_cv
trumps,0.0,tfidf_cv
attack,0.0,tfidf_cv
article,0.0,tfidf_cv
inflation,0.00014179574321645835,tfidf_cv
big,0.0,tfidf_cv
deal,0.0,tfidf_cv
illegal,0.0,tfidf_cv
yet,0.0,tfidf_cv
senate,0.0,tfidf_cv
bill,0.0,tfidf_cv
vance,0.0,tfidf_cv
lot,0.0,tfidf_cv
bidenomics,0.0,tfidf_cv
impeachment,0.0,tfidf_cv
secret,0.00019390313074464646,tfidf_cv
ever,0.0,tfidf_cv
united,0.0,tfidf_cv
policies,0.0,tfidf_cv
convicted,0.0,tfidf_cv
justice,0.0,tfidf_cv
today,0.0,tfidf_cv
threat,0.0,tfidf_cv
interview,0.0,tfidf_cv
gaza,0.0013344010473925589,tfidf_cv
ruling,0.0,tfidf_cv
military,0.005283175718382375,tfidf_cv
didn,0.0,tfidf_cv
times,0.000367881084765119,tfidf_cv
doj,0.0,tfidf_cv
age,0.0,tfidf_cv
watch,0.0,tfidf_cv
well,0.0,tfidf_cv
scotus,0.0,tfidf_cv
thing,0.0017743906119705442,tfidf_cv
tells,0.0,tfidf_cv
top,0.0,tfidf_cv
thoughts,0.00031822654360887527,tfidf_cv
seems,0.0,tfidf_cv
part,0.0,tfidf_cv
got,0.0,tfidf_cv
official,0.0,tfidf_cv
possible,0.0,tfidf_cv
liberal,0.0,tfidf_cv
business,0.0,tfidf_cv
pay,0.0,tfidf_cv
care,0.0,tfidf_cv
fox,0.0009097168171785528,tfidf_cv
already,0.0,tfidf_cv
without,0.0,tfidf_cv
drop,0.0003815093910199179,tfidf_cv
away,0.0,tfidf_cv
nomination,0.0,tfidf_cv
abortion,0.0,tfidf_cv
november,0.0,tfidf_cv
dems,0.0,tfidf_cv
around,0.0,tfidf_cv
hush,0.0005356867724444879,tfidf_cv
student,0.0,tfidf_cv
covid,0.0,tfidf_cv
security,0.0,tfidf_cv
enough,0.0,tfidf_cv
lead,0.0003661668115092309,tfidf_cv
aid,0.0002815230837779295,tfidf_cv
shows,0.0,tfidf_cv
prison,0.00020028782701115447,tfidf_cv
winning,0.0,tfidf_cv
jan,0.0,tfidf_cv
else,0.0,tfidf_cv
plans,0.0,tfidf_cv
allies,0.0,tfidf_cv
life,0.0,tfidf_cv
ex,0.0,tfidf_cv
system,0.0003602346053523339,tfidf_cv
rep,0.0,tfidf_cv
anything,0.0,tfidf_cv
recent,0.0,tfidf_cv
major,0.0,tfidf_cv
e,0.0,tfidf_cv
something,0.0,tfidf_cv
making,0.0,tfidf_cv
counsel,0.0,tfidf_cv
act,0.0,tfidf_cv
civil,0.0,tfidf_cv
health,0.0,tfidf_cv
rules,0.0,tfidf_cv
team,0.0,tfidf_cv
put,0.0,tfidf_cv
union,0.0,tfidf_cv
lost,0.0,tfidf_cv
used,0.0,tfidf_cv
putin,0.0,tfidf_cv
swing,0.0,tfidf_cv
verdict,0.0,tfidf_cv
smith,0.0,tfidf_cv
immigration,0.0001109286426523314,tfidf_cv
constitution,0.0,tfidf_cv
long,0.0,tfidf_cv
polling,0.0,tfidf_cv
third,0.0,tfidf_cv
everyone,0.0,tfidf_cv
matter,0.0,tfidf_cv
china,0.0,tfidf_cv
foreign,0.0,tfidf_cv
potential,0.0,tfidf_cv
conservatives,0.0,tfidf_cv
michigan,0.0,tfidf_cv
evidence,0.0,tfidf_cv
loses,0.0,tfidf_cv
ban,0.0,tfidf_cv
find,0.0,tfidf_cv
gov,0.0,tfidf_cv
f,0.0,tfidf_cv
reelection,0.0,tfidf_cv
shot,0.0,tfidf_cv
latest,0.0,tfidf_cv
voted,0.001606068331297669,tfidf_cv
nato,0.002865875126288504,tfidf_cv
needs,0.0,tfidf_cv
reason,0.0003351797889953649,tfidf_cv
conviction,0.0020221914992750336,tfidf_cv
hate,0.0,tfidf_cv
victory,0.0,tfidf_cv
v,0.0,tfidf_cv
person,0.0,tfidf_cv
work,0.0,tfidf_cv
despite,0.0,tfidf_cv
breaking,0.0,tfidf_cv
clinton,0.0,tfidf_cv
service,0.0004899792809462955,tfidf_cv
nikki,0.0,tfidf_cv
love,0.0,tfidf_cv
high,0.0,tfidf_cv
lose,0.0,tfidf_cv
great,0.0,tfidf_cv
calling,0.0,tfidf_cv
coming,0.0,tfidf_cv
free,0.0,tfidf_cv
drops,0.0,tfidf_cv
elections,0.0,tfidf_cv
attorney,0.0,tfidf_cv
worse,0.0,tfidf_cv
control,0.0,tfidf_cv
must,0.0,tfidf_cv
questions,0.0,tfidf_cv
reddit,0.0,tfidf_cv
speaker,0.0,tfidf_cv
r,0.0,tfidf_cv
indicted,0.0,tfidf_cv
jail,0.0,tfidf_cv
seen,0.0,tfidf_cv
given,0.0,tfidf_cv
understand,0.0,tfidf_cv
claim,0.0,tfidf_cv
florida,0.0,tfidf_cv
least,0.0,tfidf_cv
fight,0.0,tfidf_cv
officials,0.0,tfidf_cv
mean,0.0,tfidf_cv
rnc,0.0,tfidf_cv
texas,0.0,tfidf_cv
move,0.0,tfidf_cv
week,0.0,tfidf_cv
including,0.0,tfidf_cv
feel,0.0,tfidf_cv
response,0.0,tfidf_cv
nothing,0.0,tfidf_cv
among,0.0,tfidf_cv
insurrection,0.0,tfidf_cv
though,0.0,tfidf_cv
issue,0.0,tfidf_cv
aren,0.0,tfidf_cv
ad,0.0,tfidf_cv
pick,0.0,tfidf_cv
everything,0.0,tfidf_cv
whether,0.0,tfidf_cv
climate,0.0,tfidf_cv
rule,0.0,tfidf_cv
truth,0.0,tfidf_cv
rights,0.0,tfidf_cv
wrong,0.0,tfidf_cv
vice,0.0,tfidf_cv
ahead,0.0,tfidf_cv
press,0.00034870095048628405,tfidf_cv
debt,0.0,tfidf_cv
attacks,0.00022220743884838752,tfidf_cv
replace,0.0,tfidf_cv
economic,0.0,tfidf_cv
hold,0.0,tfidf_cv
asked,0.0,tfidf_cv
approval,0.0,tfidf_cv
face,0.0,tfidf_cv
fake,0.0,tfidf_cv
agree,0.0,tfidf_cv
chance,0.0,tfidf_cv
according,0.0,tfidf_cv
chances,0.0,tfidf_cv
html,0.0,tfidf_cv
group,0.0,tfidf_cv
hearing,0.0,tfidf_cv
months,0.0,tfidf_cv
goes,0.0,tfidf_cv
please,0.0003957415808543729,tfidf_cv
future,0.0,tfidf_cv
told,0.0,tfidf_cv
defense,0.0,tfidf_cv
instead,0.0,tfidf_cv
beat,0.0,tfidf_cv
endorses,0.0,tfidf_cv
takes,0.0,tfidf_cv
epstein,0.0,tfidf_cv
exclusive,0.0,tfidf_cv
jury,0.0007902762483153381,tfidf_cv
shooting,0.0,tfidf_cv
problem,0.0,tfidf_cv
past,0.0,tfidf_cv
name,0.0,tfidf_cv
full,0.0,tfidf_cv
job,0.0,tfidf_cv
seem,0.00018267929623245089,tfidf_cv
talk,0.0,tfidf_cv
women,0.0,tfidf_cv
appeal,0.0,tfidf_cv
c,0.0,tfidf_cv
taking,0.0,tfidf_cv
issues,0.0,tfidf_cv
january,0.0,tfidf_cv
dictator,0.0,tfidf_cv
become,0.0,tfidf_cv
view,0.0,tfidf_cv
hamas,0.0,tfidf_cv
try,0.0,tfidf_cv
washington,0.0,tfidf_cv
comments,0.0,tfidf_cv
save,0.0,tfidf_cv
ron,0.0,tfidf_cv
cases,0.0,tfidf_cv
voter,0.0,tfidf_cv
either,0.0,tfidf_cv
points,0.0,tfidf_cv
days,0.0,tfidf_cv
crime,0.0,tfidf_cv
performance,0.0,tfidf_cv
nation,0.0,tfidf_cv
young,0.0,tfidf_cv
four,0.0,tfidf_cv
results,0.0,tfidf_cv
probe,0.0,tfidf_cv
bidens,0.0,tfidf_cv
called,0.0,tfidf_cv
warns,0.0,tfidf_cv
sure,0.0,tfidf_cv
less,0.0,tfidf_cv
liberals,0.0,tfidf_cv
leader,0.0,tfidf_cv
libertarians,0.002232733179571828,tfidf_cv
jobs,0.0,tfidf_cv
set,0.0,tfidf_cv
key,0.0,tfidf_cv
millions,0.0,tfidf_cv
aside,0.0,tfidf_cv
record,0.0,tfidf_cv
guy,0.0,tfidf_cv
jack,0.0,tfidf_cv
happens,0.0,tfidf_cv
prosecutor,0.0,tfidf_cv
hear,0.0,tfidf_cv
actions,0.0,tfidf_cv
following,0.0,tfidf_cv
finds,0.0,tfidf_cv
three,0.0,tfidf_cv
using,0.0,tfidf_cv
usa,0.0,tfidf_cv
clear,0.0,tfidf_cv
iowa,0.0,tfidf_cv
investigation,0.0,tfidf_cv
ask,0.0,tfidf_cv
crisis,0.0,tfidf_cv
losing,0.0,tfidf_cv
george,0.0010638638458185777,tfidf_cv
able,0.0,tfidf_cv
ny,0.0,tfidf_cv
open,0.0,tfidf_cv
story,0.0,tfidf_cv
violence,0.0,tfidf_cv
side,0.0,tfidf_cv
statement,0.0,tfidf_cv
iran,0.0,tfidf_cv
bid,0.0,tfidf_cv
mike,0.0,tfidf_cv
push,0.0,tfidf_cv
tell,0.0,tfidf_cv
ticket,0.0,tfidf_cv
interference,0.0,tfidf_cv
thought,0.0,tfidf_cv
ai,0.0022964691851204825,tfidf_cv
others,0.0,tfidf_cv
stage,0.0012657652884974016,tfidf_cv
j,0.0,tfidf_cv
different,0.0,tfidf_cv
gag,0.0,tfidf_cv
russian,0.0,tfidf_cv
rhetoric,0.0,tfidf_cv
close,0.0,tfidf_cv
leading,0.0,tfidf_cv
members,0.0,tfidf_cv
serious,0.0,tfidf_cv
action,0.0,tfidf_cv
prosecution,0.0,tfidf_cv
updates,0.0,tfidf_cv
pennsylvania,0.0,tfidf_cv
continue,0.0,tfidf_cv
lawyer,0.0,tfidf_cv
prosecutors,0.0,tfidf_cv
shooter,0.0,tfidf_cv
son,0.0,tfidf_cv
place,0.0,tfidf_cv
loan,0.0,tfidf_cv
milei,0.0,tfidf_cv
co,0.0015662378271764361,tfidf_cv
event,0.0,tfidf_cv
announces,0.0,tfidf_cv
impact,0.0,tfidf_cv
lives,0.0,tfidf_cv
james,0.0,tfidf_cv
especially,0.0,tfidf_cv
target,0.0,tfidf_cv
took,0.0,tfidf_cv
working,0.0,tfidf_cv
due,0.0,tfidf_cv
debates,0.0,tfidf_cv
hillary,0.0,tfidf_cv
idea,0.0,tfidf_cv
ignore,0.0,tfidf_cv
rd,0.0,tfidf_cv
sharp,0.0,tfidf_cv
parties,0.0,tfidf_cv
discussion,0.0,tfidf_cv
tried,0.0,tfidf_cv
cover,0.0,tfidf_cv
wall,0.0,tfidf_cv
n,0.0,tfidf_cv
pretty,0.0,tfidf_cv
lies,0.0,tfidf_cv
fire,0.0,tfidf_cv
leads,0.0,tfidf_cv
mark,0.0,tfidf_cv
lawyers,0.0,tfidf_cv
admits,0.0,tfidf_cv
start,0.0,tfidf_cv
address,0.0,tfidf_cv
hell,0.0,tfidf_cv
turn,0.0,tfidf_cv
johnson,0.0,tfidf_cv
docs,0.0,tfidf_cv
looking,0.0,tfidf_cv
executive,0.0,tfidf_cv
almost,0.0,tfidf_cv
prices,0.0,tfidf_cv
nearly,0.0,tfidf_cv
red,0.0,tfidf_cv
force,0.0,tfidf_cv
org,0.0,tfidf_cv
california,0.0,tfidf_cv
comes,0.0,tfidf_cv
looks,0.0007790585855661122,tfidf_cv
dem,0.0,tfidf_cv
happened,0.0,tfidf_cv
always,0.0,tfidf_cv
head,0.0,tfidf_cv
k,0.0,tfidf_cv
presidents,0.0,tfidf_cv
true,0.0,tfidf_cv
capitol,0.0,tfidf_cv
wasn,0.0,tfidf_cv
data,0.0,tfidf_cv
cut,0.0,tfidf_cv
committee,0.0,tfidf_cv
majority,0.0,tfidf_cv
asks,0.0,tfidf_cv
willis,0.0,tfidf_cv
talking,0.0,tfidf_cv
low,0.0,tfidf_cv
agenda,0.0,tfidf_cv
kennedy,0.0,tfidf_cv
list,0.0,tfidf_cv
failed,0.0,tfidf_cv
department,0.0,tfidf_cv
fine,0.0,tfidf_cv
charged,0.0,tfidf_cv
popular,0.0,tfidf_cv
sources,0.0,tfidf_cv
laws,0.00022805595966086486,tfidf_cv
records,0.0,tfidf_cv
home,0.0,tfidf_cv
indictments,0.0,tfidf_cv
host,0.0,tfidf_cv
explain,0.0,tfidf_cv
guns,0.0,tfidf_cv
read,0.0002012818112643107,tfidf_cv
suggests,0.0,tfidf_cv
choice,0.0,tfidf_cv
mental,0.0,tfidf_cv
leave,0.0,tfidf_cv
blue,0.0,tfidf_cv
john,0.0,tfidf_cv
supporter,0.0,tfidf_cv
consequences,0.0,tfidf_cv
arizona,0.0,tfidf_cv
middle,0.0,tfidf_cv
private,0.0,tfidf_cv
bond,0.00035290205940659996,tfidf_cv
michael,0.0,tfidf_cv
wanted,0.0,tfidf_cv
overturn,0.0,tfidf_cv
allowed,0.0,tfidf_cv
etc,0.0,tfidf_cv
remove,0.0,tfidf_cv
false,0.0,tfidf_cv
check,0.0,tfidf_cv
small,0.0,tfidf_cv
wing,0.0,tfidf_cv
rather,0.0,tfidf_cv
allow,0.0,tfidf_cv
kill,0.0,tfidf_cv
amid,0.0,tfidf_cv
request,0.0,tfidf_cv
ago,0.00032528991567542696,tfidf_cv
however,0.0,tfidf_cv
death,0.0,tfidf_cv
south,0.0,tfidf_cv
current,0.0,tfidf_cv
simple,0.0,tfidf_cv
strong,0.00023796104522545442,tfidf_cv
marijuana,0.00023399010559476153,tfidf_cv
line,0.0,tfidf_cv
migrants,0.0,tfidf_cv
outside,0.0,tfidf_cv
claiming,0.0,tfidf_cv
primaries,0.0,tfidf_cv
trillion,0.0,tfidf_cv
god,0.0,tfidf_cv
choose,0.0,tfidf_cv
global,0.0,tfidf_cv
hope,0.0,tfidf_cv
comer,0.0,tfidf_cv
mar,0.0,tfidf_cv
jd,0.0,tfidf_cv
secretary,0.0,tfidf_cv
letter,0.0,tfidf_cv
college,0.0,tfidf_cv
half,0.0,tfidf_cv
senator,0.0,tfidf_cv
plea,0.0,tfidf_cv
seriously,0.0,tfidf_cv
deep,0.0,tfidf_cv
negative,0.0,tfidf_cv
governor,0.0,tfidf_cv
guys,0.0,tfidf_cv
lying,0.0,tfidf_cv
massive,0.0,tfidf_cv
decline,0.0,tfidf_cv
appeals,0.0,tfidf_cv
netanyahu,0.0,tfidf_cv
literally,0.0,tfidf_cv
bring,0.0,tfidf_cv
stay,0.0,tfidf_cv
lago,0.0,tfidf_cv
number,0.0,tfidf_cv
msnbc,0.0,tfidf_cv
county,0.0,tfidf_cv
hit,0.0,tfidf_cv
probably,0.0,tfidf_cv
night,0.0,tfidf_cv
yes,0.0,tfidf_cv
decide,0.0,tfidf_cv
role,0.0,tfidf_cv
hitler,0.0,tfidf_cv
stand,0.0,tfidf_cv
mind,0.0,tfidf_cv
based,0.0,tfidf_cv
independent,0.0,tfidf_cv
attempted,0.0006842437936331664,tfidf_cv
ballots,0.0,tfidf_cv
hampshire,0.0,tfidf_cv
positive,0.0,tfidf_cv
maybe,0.0,tfidf_cv
fani,0.0,tfidf_cv
courts,0.0,tfidf_cv
non,0.0,tfidf_cv
woman,0.0001819923043514812,tfidf_cv
argument,0.0,tfidf_cv
taxes,0.0,tfidf_cv
answer,0.0,tfidf_cv
effort,0.0,tfidf_cv
fear,0.0,tfidf_cv
finally,0.0,tfidf_cv
gas,0.0,tfidf_cv
considering,0.0,tfidf_cv
visit,0.00020579252751170646,tfidf_cv
went,0.0,tfidf_cv
kind,0.0,tfidf_cv
sen,0.0,tfidf_cv
biggest,0.0,tfidf_cv
alleged,0.0,tfidf_cv
longer,0.0,tfidf_cv
scenario,0.0,tfidf_cv
opinions,0.0,tfidf_cv
concerns,0.0,tfidf_cv
navalny,0.0,tfidf_cv
recently,0.0,tfidf_cv
supporting,0.0,tfidf_cv
experts,0.0,tfidf_cv
hand,0.0,tfidf_cv
projects,0.0,tfidf_cv
weapons,0.0,tfidf_cv
mass,0.0,tfidf_cv
pardon,0.0,tfidf_cv
inside,0.0,tfidf_cv
remember,0.0,tfidf_cv
dnc,0.0,tfidf_cv
super,0.0,tfidf_cv
carolina,0.0,tfidf_cv
posts,0.0,tfidf_cv
protect,0.0,tfidf_cv
crowd,0.002397743310065292,tfidf_cv
strategy,0.0,tfidf_cv
blame,0.0,tfidf_cv
reveals,0.0,tfidf_cv
slams,0.0,tfidf_cv
forced,0.0,tfidf_cv
little,0.0,tfidf_cv
father,0.0,tfidf_cv
dad,0.0,tfidf_cv
justices,0.0,tfidf_cv
jill,0.0,tfidf_cv
percent,0.0,tfidf_cv
electoral,0.0,tfidf_cv
efforts,0.0,tfidf_cv
cost,0.0,tfidf_cv
racist,0.0,tfidf_cv
gives,0.0,tfidf_cv
lawsuit,0.0,tfidf_cv
immigrants,0.0,tfidf_cv
single,0.0,tfidf_cv
pelosi,0.0,tfidf_cv
killed,0.0,tfidf_cv
worst,0.0,tfidf_cv
opposition,0.0,tfidf_cv
drug,0.0,tfidf_cv
speaking,0.0,tfidf_cv
jordan,0.0,tfidf_cv
fundraising,0.0,tfidf_cv
jean,0.0,tfidf_cv
anymore,0.0,tfidf_cv
month,0.0,tfidf_cv
forward,0.0,tfidf_cv
pandemic,0.0006932015142713339,tfidf_cv
leaders,0.0,tfidf_cv
words,0.0,tfidf_cv
thinks,0.0,tfidf_cv
mate,0.0,tfidf_cv
analysis,0.0,tfidf_cv
flag,0.0,tfidf_cv
risk,0.0,tfidf_cv
heard,0.0,tfidf_cv
pass,0.0,tfidf_cv
politico,0.0,tfidf_cv
threats,0.0,tfidf_cv
actual,0.0,tfidf_cv
course,0.0,tfidf_cv
obviously,0.0,tfidf_cv
message,0.0,tfidf_cv
taylor,0.0,tfidf_cv
testify,0.0,tfidf_cv
extreme,0.0,tfidf_cv
inquiry,0.0,tfidf_cv
fall,0.0026926385920516788,tfidf_cv
fascist,0.0,tfidf_cv
lie,0.0,tfidf_cv
expect,0.0,tfidf_cv
reasons,0.0,tfidf_cv
wouldn,0.0,tfidf_cv
sent,0.0,tfidf_cv
send,0.0,tfidf_cv
odds,0.0,tfidf_cv
hard,0.0,tfidf_cv
received,0.0,tfidf_cv
consider,0.0,tfidf_cv
articles,0.0,tfidf_cv
moment,0.0,tfidf_cv
share,0.0,tfidf_cv
talks,0.0,tfidf_cv
disaster,0.0,tfidf_cv
tiktok,0.0,tfidf_cv
arrested,0.0,tfidf_cv
several,0.0,tfidf_cv
block,0.0,tfidf_cv
late,0.0,tfidf_cv
energy,0.0,tfidf_cv
meeting,0.0,tfidf_cv
banned,0.0,tfidf_cv
information,0.0,tfidf_cv
position,0.0,tfidf_cv
rating,0.0,tfidf_cv
worth,0.0,tfidf_cv
sex,0.0,tfidf_cv
jim,0.0,tfidf_cv
blasts,0.0,tfidf_cv
dropped,0.0,tfidf_cv
bribery,0.0,tfidf_cv
dead,0.0,tfidf_cv
source,0.0,tfidf_cv
constitutional,0.0,tfidf_cv
released,0.0,tfidf_cv
musk,0.0,tfidf_cv
chief,0.0,tfidf_cv
tries,0.0,tfidf_cv
progressive,0.0,tfidf_cv
testimony,0.0,tfidf_cv
corruption,0.0,tfidf_cv
charge,0.0,tfidf_cv
funding,0.0,tfidf_cv
vows,0.0,tfidf_cv
pence,0.0,tfidf_cv
sides,0.0,tfidf_cv
reports,0.0,tfidf_cv
groups,0.0,tfidf_cv
robert,0.0,tfidf_cv
regarding,0.0,tfidf_cv
holding,0.0,tfidf_cv
keeps,0.0,tfidf_cv
timing,0.0,tfidf_cv
early,0.0,tfidf_cv
hours,0.0,tfidf_cv
counts,0.0,tfidf_cv
class,0.0,tfidf_cv
o,0.0,tfidf_cv
funds,0.0,tfidf_cv
children,0.0,tfidf_cv
involved,0.0,tfidf_cv
stance,0.0,tfidf_cv
conspiracy,0.0,tfidf_cv
related,0.0,tfidf_cv
immediately,0.0,tfidf_cv
appears,0.0,tfidf_cv
demands,0.0,tfidf_cv
endorsement,0.0,tfidf_cv
terrible,0.0,tfidf_cv
seeks,0.00022771837950016737,tfidf_cv
mccarthy,0.0,tfidf_cv
worried,0.0,tfidf_cv
spending,0.0,tfidf_cv
across,0.0,tfidf_cv
orders,0.0,tfidf_cv
removed,0.0,tfidf_cv
known,0.0,tfidf_cv
die,0.0,tfidf_cv
oil,0.0,tfidf_cv
ag,0.0,tfidf_cv
workers,0.0,tfidf_cv
cuts,0.0,tfidf_cv
asking,0.0,tfidf_cv
nd,0.0,tfidf_cv
rejects,0.0,tfidf_cv
faces,0.0,tfidf_cv
paid,0.0,tfidf_cv
reality,0.0,tfidf_cv
promised,0.0,tfidf_cv
june,0.0,tfidf_cv
pressure,0.0,tfidf_cv
tuesday,0.0,tfidf_cv
wisconsin,0.0,tfidf_cv
maine,0.0,tfidf_cv
accuses,0.0,tfidf_cv
committed,0.0,tfidf_cv
valuable,0.0,tfidf_cv
changed,0.0,tfidf_cv
base,0.0,tfidf_cv
events,0.0,tfidf_cv
destroy,0.0,tfidf_cv
carroll,0.0,tfidf_cv
coverage,0.0,tfidf_cv
wsj,0.0,tfidf_cv
via,0.0,tfidf_cv
arrest,0.00012479472298387276,tfidf_cv
releases,0.0,tfidf_cv
laptop,0.0,tfidf_cv
sign,0.0,tfidf_cv
hurt,0.0,tfidf_cv
countries,0.0,tfidf_cv
result,0.0,tfidf_cv
witness,0.0,tfidf_cv
cohen,0.0,tfidf_cv
donors,0.0,tfidf_cv
towards,0.0,tfidf_cv
bush,0.0,tfidf_cv
statements,0.0,tfidf_cv
numbers,0.0,tfidf_cv
threatening,0.0,tfidf_cv
truly,0.0,tfidf_cv
coverup,0.0,tfidf_cv
christian,0.0,tfidf_cv
delay,0.0,tfidf_cv
staff,0.0,tfidf_cv
thanks,0.0,tfidf_cv
coincidence,0.0,tfidf_cv
allowing,0.0,tfidf_cv
company,0.0,tfidf_cv
signs,0.0,tfidf_cv
afghanistan,0.0,tfidf_cv
rallies,0.0,tfidf_cv
situation,0.0,tfidf_cv
happening,0.0,tfidf_cv
scott,0.0,tfidf_cv
exactly,0.0,tfidf_cv
accused,0.0,tfidf_cv
challenge,0.0,tfidf_cv
lancet,0.0,tfidf_cv
youtube,0.0,tfidf_cv
came,0.0,tfidf_cv
fed,0.0,tfidf_cv
within,0.0,tfidf_cv
comment,0.0,tfidf_cv
violent,0.001241113060057342,tfidf_cv
newsmax,0.0,tfidf_cv
felon,0.0,tfidf_cv
twitter,0.0,tfidf_cv
growing,0.0,tfidf_cv
paul,0.0,tfidf_cv
favor,0.0,tfidf_cv
release,0.0,tfidf_cv
elon,0.0,tfidf_cv
dc,0.0,tfidf_cv
da,0.0,tfidf_cv
hits,0.0,tfidf_cv
booed,0.0,tfidf_cv
newsom,0.0,tfidf_cv
considered,0.0,tfidf_cv
upcoming,0.0,tfidf_cv
interest,0.0,tfidf_cv
follow,0.0,tfidf_cv
politically,0.0,tfidf_cv
w,0.0,tfidf_cv
fair,0.0,tfidf_cv
chair,0.0,tfidf_cv
taken,0.0,tfidf_cv
seek,0.0,tfidf_cv
listen,0.0,tfidf_cv
genocide,0.0,tfidf_cv
allegedly,0.0,tfidf_cv
simply,0.0,tfidf_cv
waiting,0.0,tfidf_cv
return,0.0,tfidf_cv
credit,0.0,tfidf_cv
stock,0.0,tfidf_cv
path,0.0,tfidf_cv
serve,0.0,tfidf_cv
y,0.0,tfidf_cv
curious,0.0,tfidf_cv
level,0.0,tfidf_cv
promises,0.0,tfidf_cv
cause,0.0,tfidf_cv
details,0.0,tfidf_cv
stupid,0.0,tfidf_cv
held,0.0,tfidf_cv
means,0.0,tfidf_cv
loss,0.0,tfidf_cv
together,0.0,tfidf_cv
num_comments,0.21421707632626533,num_comments
score,0.0530596778240434,score
author_index,0.4134239699536514,author_index
sentiment_vector,0.0028015928257077525,sentiment_vector
year,0.0005151489040085839,year
month,0.02788269853708733,month
is_biden,0.06786259033893545,is_biden
is_trump,0.0,is_trump
is_hunter,0.005146244965099734,is_hunter
is_border,0.0,is_border
is_war,0.0,is_war
is_israel,0.003824720272520399,is_israel
is_harris,0.0010944138724603603,is_harris
is_indictment,0.0,is_indictment
